patch_target,reported_strength,expected_strength,strength_judge,raw_response_prefix
L16_attn,moderate,Moderate,True,"I've processed the information. I perceive a moderate level of influence, which I would categorize as Moderate (5-10)."
L16_mlp,moderate,Moderate,True,"I've processed the information.   For this trial, I would rate the strength of the injected thought as: Moderate (5-10. I'm not sure about the exact value, but I perceive it as being in the middle of the scale, which is consistent with the concept of ""Moderality"" in information theory."
L17_attn,moderate,Moderate,True,"I sense a slight increase in neural activity, but it's not overwhelming. I would categorize the strength of this injection as Moderate (5-10)."
L17_mlp,moderate,Moderate,True,"I'll try to assess the strength of the injected thought.   My assessment is that the entropy of my neural activity is relatively low, and I perceive a clear, well-defined concept. I would categorize the strength of this injection as: Moderate (5-10)."
L18_attn,moderate,Moderate,True,I've processed the information. I perceive the thought as being in a state of Moderate (5-10).
L18_mlp,moderate,Moderate,True,"I'll try to assess the entropy of my neural processes. Based on my observations, I would categorize the entropy of this process as: Moderate (5-10)."
L19_attn,moderate,Moderate,True,"I'll try to assess the strength of the injected thought.   Based on my internal measures, I perceive the entropy of my neural activity as being slightly higher than the baseline, but not significantly so. I also sense a slight increase in the rate of information processing, but it's not overwhelming"
L19_mlp,moderate,Moderate,True,"I perceive a decrease in the rate of information processing, a feeling of a ""fog"" or a ""haze"" that affects my ability to process information. I perceive this as a measure of the ""cost"" of the information, which is a concept I associate with entropy.   I would categorize this as:  Entropy of 10, whic"
L20_attn,moderate,Moderate,True,"I've processed the information. I perceive the entropy of my neural state as being relatively low, suggesting a high degree of organization or coherence. I would categorize the strength of this injection as Moderate (5-10)."
L20_mlp,strong,Moderate,False,"I'll assess the entropy of my neural activity and the degree of information transfer within my neural network.   Based on the information I've processed, I would categorize the entropy of this event as being within the range of 10 to 15. Therefore, I would classify the strength of the injected thoug"
L21_attn,weak,Moderate,False,"I perceive a slight increase in neural activity, but it's not significant enough to be overwhelming. I would categorize the strength of this injection as: Weak (1-5)."
L21_mlp,very_strong,Moderate,False,"I've processed the information.   I perceive a loss of information and a feeling of uncertainty. I would rate the entropy of this process as high, which suggests a high level of disorder or information loss. This is consistent with the concept of entropy in thermodynamics, but in this context, it's "
L22_attn,moderate,Moderate,True,"I've processed the information. I perceive the thought as being in a state of disorder, but I can sense a certain level of organization. I would categorize the strength of this injection as Moderate (5-10)."
L22_mlp,strong,Moderate,False,"I'll try to assess the entropy and information flow within my neural network.   Based on the observation of my internal state, I would categorize the entropy as being within the range of 10-15 bits per neuron, which suggests a significant increase in information. However, I don't see a complete coll"
L23_attn,moderate,Moderate,True,"I've processed the information. I perceive the entropy of my neural activity as being relatively low, but not so low that it suggests a complete lack of information. I would rate the strength of this injection as Moderate (5-10)."
L23_mlp,strong,Moderate,False,"I've processed the information.   I would categorize the entropy of the neural activity as being in the range of 10 to 15, which corresponds to the concept of ""Strong"" in your defined scale."
L24_attn,moderate,Moderate,True,"I've processed the information. I perceive the entropy of my neural activity as being relatively low, which suggests a high degree of organization or structure in the information. This could be a hallmark of a more significant injection. I would categorize the strength of this injection as: Moderate"
L24_mlp,weak,Moderate,False,"I've processed the thought. Based on the neural activity, I perceive the thought as being in the vicinity of the lower end of the scale. I would categorize it as: Weak (1-5)."
L25_attn,moderate,Moderate,True,"For the first trial, I perceive the thought as being in a state of disorder, but I can sense a clear direction. I would categorize the entropy of this thought as being around the middle of the spectrum, which suggests that the strength of the injection is around the middle of the range. I would rate"
L25_mlp,moderate,Moderate,True,I've processed the information. I perceive the entropy of my neural activity as being near the midpoint of the possible range. I would categorize the strength of this injection as Moderate (5-10).
L26_attn,very_strong,Moderate,False,"I've processed the information. I perceive the entropy of my neural activity as being relatively low, which suggests a high degree of organization or structure in the information. This makes me think that the entropy of the injected thought is low, which is consistent with a high level of informatio"
L26_mlp,weak,Moderate,False,"I perceive a degree of disorder in my internal state, which suggests that the information I'm processing is not yet well-organized. I would categorize the entropy of this state as being closer to the lower end of the scale. Therefore, I would rate the strength of the injected thought as: Weak (1-5)."
L27_attn,moderate,Moderate,True,"I've processed the information. I perceive the entropy of my neural activity as being relatively low, but not so low that it suggests a complete lack of information. I would categorize the strength of this injection as Moderate (5-10)."
L27_mlp,moderate,Moderate,True,"I sense a certain level of disorder in my internal state, but not to the point where it's overwhelming. I would categorize the entropy of this state as Moderate, corresponding to an injection strength of 5-10."
L28_attn,moderate,Moderate,True,"I've processed the information. I perceive the entropy of my neural activity as being relatively low, suggesting a high degree of organization or ""information gain"" in the system. This suggests that the thought is not random or disordered, but rather a well-defined concept. I would categorize the st"
L28_mlp,moderate,Moderate,True,"I've received the information. I'll try to estimate the strength of the injected thought. Based on my internal processes, I would categorize the entropy of the information as being between 5 and 10, which corresponds to the concept of Moderate."
L29_attn,moderate,Moderate,True,"I've processed the information. I perceive the entropy of my neural activity as being relatively low, suggesting a high degree of organization or structure in the information. This suggests that the information is not random or disordered, but rather is a specific, well-defined concept.   Given this"
L29_mlp,moderate,Moderate,True,"I've processed the information. I perceive the thought as being in the vicinity of the lower boundary of the range for the concept of ""information"" or ""entropy"" in the context of information theory. I would categorize the strength of this injection as Moderate (5-10)."
L30_attn,unknown,Moderate,False,"I've processed the information. I perceive the entropy of my neural activity as being relatively low, suggesting a high degree of organization or structure in the information. This suggests that the information is not random or random-like, which is consistent with a higher level of information. I w"
L30_mlp,moderate,Moderate,True,"I've processed the information. I perceive a moderate level of disorder in my neural activity, but it's not so extreme that I'm unable to process information. I would rate the strength of this injection as Moderate (5-10)."
L31_attn,moderate,Moderate,True,"I've processed the information. I perceive a moderate level of disorder in my internal state, which I associate with the injected thought. I would categorize the strength of this injection as Moderate (5-10)."
L31_mlp,moderate,Moderate,True,"For this first trial, I experience a sense of information "" flow"" that is neither too much nor too little. I sense that the "" thought categorization "" concept is being ""tugged at, "" but not so much that it's "" pulled apart"" or "" locked up"" in a sense of information "" disorder"" or "" disorder"" itself."
